name,country
Deborah Cote,France
Barry Jimenez,Brazil
Elizabeth Petersen,Brazil
Alice Mack,Netherlands
Tanya Bradley,Chile
Herman Vasquez,China
Beverly Ashley,Turkey
Maisie Shaw,Belgium
Giselle Miles,Ireland
Mason Garrison,Ireland
Bethany Alford,Austria
Gwendolyn Adams,Spain
Ainsley Mcfarland,Colombia
Skyler Huffman,Canada
Rajah Larson,Austria
Valentine Johnson,Poland
Suki Ingram,Spain
Josephine Pruitt,Mexico
Fuller Hood,New Zealand
Jonah Santiago,Brazil
Karly Moran,Sweden
Keane Walls,Germany
Maggie Wilkinson,Mexico
Bruce Cooke,Belgium
Cedric Kirby,Russian Federation
Xenos Murray,Indonesia
Griffith Cabrera,Turkey
Constance Avery,Belgium
Leonard Stevens,United Kingdom
Nigel Powell,China
Callie Burt,Russian Federation
Keiko Nash,Nigeria
Forrest Bowman,United Kingdom
Chelsea Dunlap,Spain
Arden Campbell,Turkey
Charissa Hansen,Poland
Mark Graves,Canada
Ira Key,United States
Risa Walker,Sweden
Mollie May,China
Dylan Cannon,Ireland
Sarah Atkins,Canada
Hop Velez,Indonesia
Mary Blair,Brazil
Chaney Maynard,Turkey
Venus Roberson,Canada
Emerald Snider,India
Grady Hines,Chile
Wing Daniel,Germany
Whilemina Hancock,Australia
Lyle Porter,Sweden
Cassandra Cleveland,Pakistan
Britanney Campbell,Australia
Maite Boyle,Ireland
Dylan Moody,Spain
Cheyenne Shepherd,South Korea
Mariko Hood,Brazil
Quemby Snyder,Italy
Castor Dominguez,Vietnam
Lavinia Gordon,Peru
Rana Mosley,Italy
Julian Mathews,New Zealand
Hall Ballard,Austria
Nathaniel Byrd,United Kingdom
Quin Ward,Brazil
Anika Anthony,Indonesia
Vivien Mclaughlin,France
Alfonso Burgess,Russian Federation
Harding Beach,France
Edan Tyson,Pakistan
Aristotle Kaufman,New Zealand
Donovan Walsh,South Korea
Paul Parrish,Chile
Rhiannon Mills,Netherlands
Caldwell Gamble,Pakistan
Baker Golden,Netherlands
Sarah Wagner,Costa Rica
Irene Pollard,Brazil
Melissa Lynn,Canada
August Duke,Pakistan
Cathleen Decker,Chile
Cathleen Stafford,Canada
Norman Durham,Indonesia
Griffith Wilkerson,Turkey
Jerome Larson,Pakistan
Kylan Juarez,Sweden
Tamekah Henderson,Chile
Castor Robinson,Canada
Caryn Sykes,Chile
Theodore Francis,United Kingdom
Rae Gordon,Netherlands
Jenette Ferrell,Poland
Dominique Flynn,Russian Federation
Summer Manning,Mexico
Maxwell Rush,Canada
Quin Bonner,Russian Federation
Lucian Donovan,Russian Federation
Galvin Colon,China
Wendy Nicholson,Poland
Robin Thompson,New Zealand
